<?xml version="1.0" encoding="utf-8"?>
<nrml
xmlns="http://openquake.org/xmlns/nrml/0.5"
xmlns:gml="http://www.opengis.net/gml"
>
    <sourceModel
    name="Example Source Model Containing — Area Source"
    >
        <sourceGroup
        name="group 1"
        tectonicRegion="Active Shallow Crust"
        >
            <areaSource
            id="1"
            name="Area Source"
            tectonicRegion="Active Shallow Crust"
            >
                <areaGeometry>
                    <gml:Polygon>
                        <gml:exterior>
                            <gml:LinearRing>
                                <gml:posList>
                                    120.756488	24.713398
									120.954463	25.017132
									121.182568	25.157801
									121.414364	24.689529
									121.416511	24.687554
									121.245027	24.412963
									120.756488	24.713398
                                </gml:posList>
                            </gml:LinearRing>
                        </gml:exterior>
                    </gml:Polygon>
                    <upperSeismoDepth>
                        3.0000000E+00
                    </upperSeismoDepth>
                    <lowerSeismoDepth>
                        3.5000000E+01
                    </lowerSeismoDepth>
                </areaGeometry>
                <magScaleRel>
                    WC1994
                </magScaleRel>
                <ruptAspectRatio>
                    1.0000000E+00
                </ruptAspectRatio>
                <truncGutenbergRichterMFD aValue="4.2800000E+00" bValue="1.0000000E+00" maxMag="7.0000000E+00" minMag="5.0000000E+00"/>
                <nodalPlaneDist>
                    <nodalPlane dip="4.5000000E+01" probability="2.3000000E-02" rake="9.0000000E+01" strike="0.0000000E+00"/>
					<nodalPlane dip="6.0000000E+01" probability="3.5000000E-02" rake="9.0000000E+01" strike="0.0000000E+00"/>
					<nodalPlane dip="3.0000000E+01" probability="1.0700000E-01" rake="9.0000000E+01" strike="0.0000000E+00"/>
					<nodalPlane dip="8.5000000E+01" probability="3.3300000E-01" rake="0.0000000E+00" strike="0.0000000E+00"/>
					<nodalPlane dip="4.5000000E+01" probability="6.5000000E-02" rake="9.0000000E+01" strike="0.0000000E+00"/>
					<nodalPlane dip="3.0000000E+01" probability="1.6600000E-01" rake="9.0000000E+01" strike="0.0000000E+00"/>
					<nodalPlane dip="3.0000000E+01" probability="2.5800000E-01" rake="9.0000000E+01" strike="0.0000000E+00"/>
					<nodalPlane dip="8.5000000E+01" probability="1.3000000E-02" rake="0.0000000E+00" strike="0.0000000E+00"/>
                </nodalPlaneDist>
                <hypoDepthDist>
                    <hypoDepth depth="5.0000000E+00" probability="9.0000000E-02"/>
                    <hypoDepth depth="1.0000000E+01" probability="9.0000000E-02"/>
					<hypoDepth depth="1.5000000E+01" probability="1.5000000E-01"/>
					<hypoDepth depth="2.0000000E+01" probability="2.7000000E-01"/>
					<hypoDepth depth="2.5000000E+01" probability="1.9000000E-01"/>
					<hypoDepth depth="3.0000000E+01" probability="2.1000000E-01"/>
                </hypoDepthDist>
            </areaSource>
        </sourceGroup>
    </sourceModel>
</nrml>
