<?xml version="1.0" encoding="utf-8"?>
<nrml
xmlns="http://openquake.org/xmlns/nrml/0.5"
xmlns:gml="http://www.opengis.net/gml"
>
    <sourceModel
    name="Example Source Model Containing — Area Source"
    >
        <sourceGroup
        name="group 1"
        tectonicRegion="Active Shallow Crust"
        >
            <areaSource
            id="1"
            name="Area Source"
            tectonicRegion="Active Shallow Crust"
            >
                <areaGeometry>
                    <gml:Polygon>
                        <gml:exterior>
                            <gml:LinearRing>
                                <gml:posList>
								121.6083 23.9695
								121.6094 23.9833
								121.6112 23.9907
								121.6151 23.9996
								121.6185 24.0104
								121.6234 24.0185
								121.6316 24.0264
								121.6323 24.0275
								121.6796 24.0606
								121.6923 24.0718
								121.7412 24.1079
                                </gml:posList>
                            </gml:LinearRing>
                        </gml:exterior>
                    </gml:Polygon>
					<gml:Polygon>
                        <gml:exterior>
                            <gml:LinearRing>
                                <gml:posList>
								121.141 22.788
								121.1386 22.7936
								121.137 22.7996
								121.1349 22.8068
								121.1335 22.811
								121.133 22.8206
								121.1325 22.8301
								121.1369 22.847
								121.1417 22.8639
								121.1453 22.8754
								121.1434 22.8876
								121.1467 22.9008
								121.1499 22.9081
								121.1526 22.9185
								121.157 22.9279
								121.1591 22.9363
								121.1624 22.9479
								121.1659 22.9539
								121.1707 22.9666
								121.173 22.9817
								121.1706 22.997
								121.17 23.0092
								121.1734 23.0199
								121.1762 23.024
								121.1823 23.0305
								121.1868 23.0408
								121.193 23.0449
								121.2008 23.0532
								121.2059 23.0587
								121.2093 23.0656
								121.2151 23.0764
								121.2145 23.0872
								121.2114 23.0893
								121.2176 23.0963
								121.2242 23.1095
								121.2298 23.1205
								121.2339 23.1298
								121.2378 23.1473
								121.2382 23.1592
								121.2472 23.1698
								121.2521 23.1802
								121.2618 23.1876
								121.2697 23.1993
								121.2732 23.2133
								121.2773 23.2238
								121.2834 23.2375
								121.293 23.2472
								121.2964 23.2556
								121.3003 23.2654
								121.3089 23.2735
								121.3169 23.2825
								121.3213 23.291
								121.3259 23.2964
								121.3328 23.3082
								121.3369 23.3212
								121.3374 23.3363
								121.3399 23.3445
								121.3457 23.356
								121.3479 23.3651
								121.3521 23.3781
								121.3544 23.3918
								121.3573 23.3956
								121.3601 23.4042
								121.3596 23.4082
								121.3685 23.4164
								121.3734 23.4249
								121.3812 23.4364
								121.3882 23.4482
								121.3915 23.4512
								121.4025 23.4538
								121.4026 23.4614
								121.4033 23.4739
								121.403 23.4856
								121.3973 23.5007
								121.3922 23.5086
								121.389 23.5196
								121.3887 23.5329
								121.3889 23.544
								121.3917 23.5479
								121.3951 23.5562
								121.4019 23.5714
								121.4014 23.5901
								121.4089 23.5953
								121.4185 23.6012
								121.4326 23.6223
								121.4476 23.6354
								121.4601 23.655
								121.4718 23.6788
								121.4827 23.6905
								121.4901 23.7059
								121.4914 23.7201
								121.4893 23.7348
								121.4918 23.7458
								121.5 23.7616
								121.5097 23.7717
								121.5229 23.7874
								121.5264 23.8023
								121.5322 23.8173
								121.5348 23.8315
								121.5399 23.8424
								121.5404 23.8503
								121.5497 23.8665
								121.5548 23.8729
								121.563 23.8783
								121.575 23.8882
								121.5819 23.896
								121.5895 23.906
								121.5976 23.9174
								121.6086 23.936
                                </gml:posList>
                            </gml:LinearRing>
                        </gml:exterior>
                    </gml:Polygon>
                    <upperSeismoDepth>
                        3.0000000E+00
                    </upperSeismoDepth>
                    <lowerSeismoDepth>
                        3.5000000E+01
                    </lowerSeismoDepth>
                </areaGeometry>
                <magScaleRel>
                    WC1994
                </magScaleRel>
                <ruptAspectRatio>
                    1.0000000E+00
                </ruptAspectRatio>
                <truncGutenbergRichterMFD aValue="4.1100000E+00" bValue="1.0100000E+00" maxMag="6.8000000E+00" minMag="5.0000000E+00"/>
                <nodalPlaneDist>
                    <nodalPlane dip="6.0000000E+01" probability="3.7500000E-01" rake="-9.0000000E+01" strike="0.0000000E+00"/>
					<nodalPlane dip="6.0000000E+01" probability="6.2500000E-01" rake="-9.0000000E+01" strike="0.0000000E+00"/>
                </nodalPlaneDist>
                <hypoDepthDist>
                    <hypoDepth depth="5.0000000E+00" probability="9.0000000E-02"/>
                    <hypoDepth depth="1.0000000E+01" probability="9.0000000E-02"/>
					<hypoDepth depth="1.5000000E+01" probability="1.5000000E-01"/>
					<hypoDepth depth="2.0000000E+01" probability="2.7000000E-01"/>
					<hypoDepth depth="2.5000000E+01" probability="1.9000000E-01"/>
					<hypoDepth depth="3.0000000E+01" probability="2.1000000E-01"/>
                </hypoDepthDist>
            </areaSource>
        </sourceGroup>
    </sourceModel>
</nrml>
