<?xml version="1.0" encoding="UTF-8"?>
<nrml xmlns:gml="http://www.opengis.net/gml"
      xmlns="http://openquake.org/xmlns/nrml/0.4">
    <logicTree logicTreeID="lt1">
            <logicTreeBranchSet uncertaintyType="sourceModel"
                                branchSetID="bs1">
                <logicTreeBranch branchID="b1">
                    <uncertaintyModel>source_model_1.xml</uncertaintyModel>
                    <uncertaintyWeight>1.0</uncertaintyWeight>
				    <uncertaintyModel>source_model_2.xml</uncertaintyModel>
                    <uncertaintyWeight>1.0</uncertaintyWeight>
					<uncertaintyModel>source_model_3.xml</uncertaintyModel>
                    <uncertaintyWeight>1.0</uncertaintyWeight>
					<uncertaintyModel>source_model_4.xml</uncertaintyModel>
                    <uncertaintyWeight>1.0</uncertaintyWeight>
					<uncertaintyModel>source_model_5.xml</uncertaintyModel>
                    <uncertaintyWeight>1.0</uncertaintyWeight>
					<uncertaintyModel>source_model_6.xml</uncertaintyModel>
                    <uncertaintyWeight>1.0</uncertaintyWeight>
					<uncertaintyModel>source_model_7.xml</uncertaintyModel>
                    <uncertaintyWeight>1.0</uncertaintyWeight>
					<uncertaintyModel>source_model_8.xml</uncertaintyModel>
                    <uncertaintyWeight>1.0</uncertaintyWeight>
					<uncertaintyModel>source_model_9.xml</uncertaintyModel>
                    <uncertaintyWeight>1.0</uncertaintyWeight>
					<uncertaintyModel>source_model_10.xml</uncertaintyModel>
                    <uncertaintyWeight>1.0</uncertaintyWeight>
					<uncertaintyModel>source_model_11.xml</uncertaintyModel>
                    <uncertaintyWeight>1.0</uncertaintyWeight>
                    <uncertaintyWeight>1.0</uncertaintyWeight>
                </logicTreeBranch>
            </logicTreeBranchSet>
    </logicTree>
</nrml>
