<?xml version="1.0" encoding="utf-8"?>
<nrml
xmlns="http://openquake.org/xmlns/nrml/0.5"
xmlns:gml="http://www.opengis.net/gml"
>
    <sourceModel
    name="Example Source Model Containing — Area Source"
    >
        <sourceGroup
        name="group 1"
        tectonicRegion="Active Shallow Crust"
        >
            <areaSource
            id="1"
            name="Area Source"
            tectonicRegion="Active Shallow Crust"
            >
                <areaGeometry>
                    <gml:Polygon>
                        <gml:exterior>
                            <gml:LinearRing>
                                <gml:posList>
								120.436077	23.777658
								120.469554	24.18885
								120.567162	24.390969
								121.097126	24.169813
								120.926816	23.626069
								120.436077	23.777658
                                </gml:posList>
                            </gml:LinearRing>
                        </gml:exterior>
                    </gml:Polygon>
                    <upperSeismoDepth>
                        3.0000000E+00
                    </upperSeismoDepth>
                    <lowerSeismoDepth>
                        3.5000000E+01
                    </lowerSeismoDepth>
                </areaGeometry>
                <magScaleRel>
                    WC1994
                </magScaleRel>
                <ruptAspectRatio>
                    1.0000000E+00
                </ruptAspectRatio>
                <truncGutenbergRichterMFD aValue="4.3100000E+00" bValue="0.8400000E+00" maxMag="7.6000000E+00" minMag="5.0000000E+00"/>
                <nodalPlaneDist>
                    <nodalPlane dip="4.5000000E+01" probability="2.7600000E-01" rake="9.0000000E+01" strike="0.0000000E+00"/>
					<nodalPlane dip="1.5000000E+01" probability="5.6200000E-01" rake="9.0000000E+01" strike="0.0000000E+00"/>
					<nodalPlane dip="3.0000000E+01" probability="1.6200000E-01" rake="9.0000000E+01" strike="0.0000000E+00"/>
                </nodalPlaneDist>
                <hypoDepthDist>
                    <hypoDepth depth="5.0000000E+00" probability="9.0000000E-02"/>
                    <hypoDepth depth="1.0000000E+01" probability="9.0000000E-02"/>
					<hypoDepth depth="1.5000000E+01" probability="1.5000000E-01"/>
					<hypoDepth depth="2.0000000E+01" probability="2.7000000E-01"/>
					<hypoDepth depth="2.5000000E+01" probability="1.9000000E-01"/>
					<hypoDepth depth="3.0000000E+01" probability="2.1000000E-01"/>
                </hypoDepthDist>
            </areaSource>
        </sourceGroup>
    </sourceModel>
</nrml>
