<?xml version="1.0" encoding="utf-8"?>
<nrml
xmlns="http://openquake.org/xmlns/nrml/0.5"
xmlns:gml="http://www.opengis.net/gml"
>
    <sourceModel
    name="Example Source Model Containing — Area Source"
    >
        <sourceGroup
        name="group 1"
        tectonicRegion="Active Shallow Crust"
        >
            <areaSource
            id="1"
            name="Area Source"
            tectonicRegion="Active Shallow Crust"
            >
                <areaGeometry>
                    <gml:Polygon>
                        <gml:exterior>
                            <gml:LinearRing>
                                <gml:posList>
								121.097126	24.169813
								121.245027	24.412963
								121.416511	24.687554
								121.587151	24.375046
								121.419111	24.039534
								121.097126	24.169813
                                </gml:posList>
                            </gml:LinearRing>
                        </gml:exterior>
                    </gml:Polygon>
                    <upperSeismoDepth>
                        3.0000000E+00
                    </upperSeismoDepth>
                    <lowerSeismoDepth>
                        3.5000000E+01
                    </lowerSeismoDepth>
                </areaGeometry>
                <magScaleRel>
                    WC1994
                </magScaleRel>
                <ruptAspectRatio>
                    1.0000000E+00
                </ruptAspectRatio>
                <truncGutenbergRichterMFD aValue="4.7000000E+00" bValue="0.9100000E+00" maxMag="6.0000000E+00" minMag="3.0000000E+00"/>
                <nodalPlaneDist>
                    <nodalPlane dip="3.0000000E+01" probability="2.7600000E-01" rake="9.0000000E+01" strike="0.0000000E+00"/>
                </nodalPlaneDist>
                <hypoDepthDist>
                    <hypoDepth depth="5.0000000E+00" probability="9.0000000E-02"/>
                    <hypoDepth depth="1.0000000E+01" probability="9.0000000E-02"/>
					<hypoDepth depth="1.5000000E+01" probability="1.5000000E-01"/>
					<hypoDepth depth="2.0000000E+01" probability="2.7000000E-01"/>
					<hypoDepth depth="2.5000000E+01" probability="1.9000000E-01"/>
					<hypoDepth depth="3.0000000E+01" probability="2.1000000E-01"/>
                </hypoDepthDist>
            </areaSource>
        </sourceGroup>
    </sourceModel>
</nrml>
