<?xml version="1.0" encoding="utf-8"?>
<nrml
xmlns="http://openquake.org/xmlns/nrml/0.5"
xmlns:gml="http://www.opengis.net/gml"
>
    <sourceModel
    name="Example Source Model Containing — Area Source"
    >
        <sourceGroup
        name="group 1"
        tectonicRegion="Active Shallow Crust"
        >
            <areaSource
            id="1"
            name="Area Source"
            tectonicRegion="Active Shallow Crust"
            >
                <areaGeometry>
                    <gml:Polygon>
                        <gml:exterior>
                            <gml:LinearRing>
                                <gml:posList>
								121.4618 24.5565
								121.47 24.5658
								121.4872 24.5822
								121.4911 24.6035
								121.5056 24.6046
								121.5205 24.6176
								121.5513 24.6432
								121.5674 24.6591
								121.5775 24.669
								121.5964 24.6732
								121.6234 24.6948
								121.6518 24.7125
								121.6715 24.7449
								121.7203 24.8062
								121.7454 24.8215
								121.7625 24.8274
								121.7789 24.8447
								121.7991 24.862
								121.8138 24.8672
								121.8354 24.8747
								121.8486 24.8863
								121.8671 24.9041
								121.8836 24.9175
                                </gml:posList>
                            </gml:LinearRing>
                        </gml:exterior>
                    </gml:Polygon>
					<gml:Polygon>
                        <gml:exterior>
                            <gml:LinearRing>
                                <gml:posList>
								121.8738 24.608
								121.8498 24.6085
								121.836 24.6098
								121.8259 24.6135
								121.8129 24.6142
								121.8046 24.6207
								121.7975 24.6236
								121.779 24.6296
								121.7654 24.6423
								121.7483 24.6459
								121.7426 24.6472
								121.7194 24.6589
								121.7001 24.6667
								121.6876 24.6669
                                </gml:posList>
                            </gml:LinearRing>
                        </gml:exterior>
                    </gml:Polygon>
                    <upperSeismoDepth>
                        3.0000000E+00
                    </upperSeismoDepth>
                    <lowerSeismoDepth>
                        3.5000000E+01
                    </lowerSeismoDepth>
                </areaGeometry>
                <magScaleRel>
                    WC1994
                </magScaleRel>
                <ruptAspectRatio>
                    1.0000000E+00
                </ruptAspectRatio>
                <truncGutenbergRichterMFD aValue="5.1000000E+00" bValue="9.0700000E-01" maxMag="6.8000000E+00" minMag="5.0000000E+00"/>
                <nodalPlaneDist>
                    <nodalPlane dip="6.0000000E+01" probability="3.7500000E-01" rake="-9.0000000E+01" strike="0.0000000E+00"/>
					<nodalPlane dip="6.0000000E+01" probability="6.2500000E-01" rake="-9.0000000E+01" strike="0.0000000E+00"/>
                </nodalPlaneDist>
                <hypoDepthDist>
                    <hypoDepth depth="5.0000000E+00" probability="9.0000000E-02"/>
                    <hypoDepth depth="1.0000000E+01" probability="9.0000000E-02"/>
					<hypoDepth depth="1.5000000E+01" probability="1.5000000E-01"/>
					<hypoDepth depth="2.0000000E+01" probability="2.7000000E-01"/>
					<hypoDepth depth="2.5000000E+01" probability="1.9000000E-01"/>
					<hypoDepth depth="3.0000000E+01" probability="2.1000000E-01"/>
                </hypoDepthDist>
            </areaSource>
        </sourceGroup>
    </sourceModel>
</nrml>
